{
    "rmse": 0.7067832652569799,
    "mae": 0.5515525171428056,
    "r2": 0.24194000675698124
}